{
  "project": "Counterfactual_Project (Adult Dataset)",
  "wachter_metrics": {
    "n_samples": 1000,
    "validity_rate": 0.522,
    "avg_distance": 0.38937957793976513,
    "std_distance": 0.39428540805733325,
    "avg_sparsity": 0.04599999999999999,
    "avg_num_changes": 12.402,
    "convergence_rate": 1.0,
    "avg_iterations": 75.993,
    "group_metrics": {
      "Female": {
        "count": 500,
        "validity": 0.332,
        "distance": 0.8170209181220757,
        "sparsity": 0.072
      },
      "Male": {
        "count": 500,
        "validity": 0.712,
        "distance": 0.7113037422176424,
        "sparsity": 0.02
      }
    }
  },
  "glance_metrics": {
    "n_samples": 1000,
    "validity_rate": 0.374,
    "avg_distance": 0.47957773817589333,
    "std_distance": 0.04536574803791044,
    "avg_sparsity": 0.0,
    "avg_num_changes": 13.0,
    "convergence_rate": 1.0,
    "avg_iterations": 1.0,
    "group_metrics": {
      "Female": {
        "count": 500,
        "validity": 0.194,
        "distance": 0.5262466404950623,
        "sparsity": 0.0
      },
      "Male": {
        "count": 500,
        "validity": 0.554,
        "distance": 0.49853780827937144,
        "sparsity": 0.0
      }
    },
    "rule_usage": {
      "4": 894,
      "0": 106
    }
  },
  "stats_results": {
    "distance": {
      "wachter_mean": 0.38937957793976513,
      "glance_mean": 0.47957773817589333,
      "t_statistic": -7.1831329291342865,
      "p_value": 9.5734371743335e-13,
      "significant": true
    },
    "sparsity": {
      "wachter_mean": 0.04599999999999999,
      "glance_mean": 0.0,
      "t_statistic": 20.64235911939973,
      "p_value": 5.698342600411471e-86,
      "significant": true
    },
    "validity": {
      "wachter_rate": 0.522,
      "glance_rate": 0.374,
      "chi2_statistic": 43.69055706521739,
      "p_value": 3.8462313981707644e-11,
      "significant": true
    }
  },
  "fairness_summary": {
    "wachter_dp_diff": 0.37999999999999995,
    "glance_dp_diff": 0.36000000000000004,
    "wachter_cost_disparity": 0.1057171759044333,
    "glance_cost_disparity": 0.02770883221569087,
    "wachter_statistical_tests": null,
    "glance_statistical_tests": null
  }
}